{
  "camera": {
    "pos": {
      "x": 0.98058062791824341,
      "y": 0.98058062791824341,
      "z": 0.98058062791824341
    }
  },
  "window": {
    "size": {
      "height": 738,
      "width": 1323
    }
  }}