{
  "camera": {
    "pos": {
      "x": 0.70710676908493042,
      "y": 0.70710676908493042,
      "z": 0.70710676908493042
    }
  },
  "window": 
  {
    "size": {
      "height": 600,
      "width": 800
    },
    "options": {
      "brightness": 1,
      "fullscreen": false,
      "resizable": true,
      "borderless": false,
      "full_desktop": false
    }
  }}