{"camera":{"pos":{"x":0.70710676908493042,"y":0.70710676908493042,"z":0.70710676908493042}},"window":{"size":{"width":800,"height":600}}}